ContactId,FirstName,LastName,Email,Phone,AccountId,Title,CreatedDate
0031A00000xyz6QAA,Frank,Miller,frank.miller@example.com,555-678-9012,0011A00000bvc8vQAA,HR Manager,2023-09-16 15:05:10.000000 UTC
0031A00000xyz0QAA,Jack,Anderson,jack.anderson@example.com,555-012-3456,0011A00000bvc8zQAA,Business Analyst,2023-09-20 19:45:50.000000 UTC
0031A00000xyz2QAA,Bob,Smith,bob.smith@example.com,555-234-5678,0011A00000bvc8rQAA,CTO,2023-09-12 11:25:30.000000 UTC
0031A00000xyz9QAA,Isabella,Taylor,isabella.taylor@example.com,555-901-2345,0011A00000bvc8yQAA,Customer Support,2023-09-19 18:35:40.000000 UTC
0031A00000xyz4QAA,David,Brown,david.brown@example.com,555-456-7890,0011A00000bvc8tQAA,Marketing Manager,2023-09-14 13:45:50.000000 UTC
0031A00000xyz3QAA,Carol,Williams,carol.williams@example.com,555-345-6789,0011A00000bvc8sQAA,CFO,2023-09-13 12:35:40.000000 UTC
0031A00000xyz7QAA,Grace,Wilson,grace.wilson@example.com,555-789-0123,0011A00000bvc8wQAA,Operations Lead,2023-09-17 16:15:20.000000 UTC
0031A00000xyz5QAA,Emma,Davis,emma.davis@example.com,555-567-8901,0011A00000bvc8uQAA,Sales Director,2023-09-15 14:55:00.000000 UTC
0031A00000xyz1QAA,Alice,Johnson,alice.johnson@example.com,555-123-4567,0011A00000bvc8qQAA,CEO,2023-09-11 10:15:20.000000 UTC
0031A00000xyz8QAA,Henry,Moore,henry.moore@example.com,555-890-1234,0011A00000bvc8xQAA,Product Manager,2023-09-18 17:25:30.000000 UTC